Id,Nom,Adresse,Ville,Secteur,Site,Tel,Email,ScoreActuel,Categorie,Objectif,Opportunite,Score,Signaux,EmailObjet,EmailCorps
1,Sacrée Fleur Montmartre,,paris,hotellerie_restauration,http://www.sacreefleur.fr/,0142516618,restosacreefleur@gmail.com,77,,web,60,65,Site OK mais pas de r?servation en ligne,Sacr?e Fleur ? votre vitrine m?rite un coup de neuf,"Bonjour, votre restaurant a beaucoup de caract?re mais votre site ne met pas vos plats en valeur. Refonte fid?le gratuite : m?mes photos, m?mes couleurs, plus moderne."
3,Le Marais Restaurant Paris,"47 R. de Turbigo, 75003 Paris, France",paris,hotellerie_restauration,https://www.privateaser.com/lieu/44897-le-marais-restaurant,+33 9 87 36 09 13,contact@privateaser.com,0,,web,85,40,"Pas de site propre, redirige vers une plateforme tierce",Le Marais Restaurant ? reprenez votre site web,"Votre ?tablissement n'a pas de vrai site web. Nous en cr?ons un fid?le ? votre identit?, avec r?servation directe."
5,Chouchou,,paris,hotellerie_restauration,http://www.restaurantchouchouparis.fr/,0145080203,restauchouchou@gmail.com,0,,web,50,30,"Site l?ger, pas de r?servation en ligne",Chouchou ? un site qui donne envie de venir,Votre site est correct mais sans r?servation directe. Notre refonte le rend plus vendeur en gardant votre identit?.
10,ORTO PARIS,"75 Rue des Gravilliers, 75003 Paris, France",paris,hotellerie_restauration,http://www.orto.fr/,0999999999,,,,web,90,45,"T?l?phone placeholder, site ? revoir",ORTO PARIS ? votre site au niveau de votre cuisine,"Votre site m?rite le niveau de vos plats. Refonte fid?le : m?mes photos, design modernis?, fluide sur mobile."
15,Bombance,"40 Rue des Blancs Manteaux, 75004 Paris, France",paris,hotellerie_restauration,https://bombanceparis.fr/,+33 1 45 35 44 62,bombance.paris@gmail.com,74,,web,55,60,"Site correct, pas de syst?me de r?servation",Bombance ? r?servez directement en ligne,Votre site est ?l?gant mais sans r?servation en ligne. Notre refonte ajoute cette fonction en gardant votre style.
18,Chez Loulou,"63 Rue Rambuteau, 75004 Paris, France",paris,hotellerie_restauration,https://bistrotchezloulou.com/,0(0)142773730,,,,web,75,55,"Tel invalide, contact incomplet",Chez Loulou ? un contact clair et direct,Votre site est bien mais vos coordonn?es sont difficiles ? trouver. Nous corrigeons ? partir de votre site actuel.
1864,Le Colimaçon,"
44 Rue Vieille du Temple, 75004 Paris, France",Paris,,,,,,,web,100,15,"Aucun site web, opportunit? maximale",Le Colima?on ? cr?ez votre pr?sence en ligne,Votre ?tablissement n'a pas de site web. Nous en cr?ons un fid?le ? votre identit? pour ?tre trouv? en ligne.
1865,PRADEL Bastille - Place des Vosges,"
3 Rue du Pasteur Wagner, 75011 Paris, France",Paris,,,+33143550959,,,,web,100,20,"Aucun site web, forte opportunit?",PRADEL ? soyez visible sur Google,"Votre restaurant n'a pas de site web. Nous cr?ons le v?tre, fid?le ? votre image, pour capter les clients."
